<?xml version="1.0" encoding="UTF-8"?>
<data>

    <DAVOS
        DesignBuilder = "off"
        FaultInjection = "off"
        DecisionSupport = "off"
        report_dir = "#RUNDIR/../../../Projects/Controllers/MC8051_Genetic_RF"        
        dbfile = "MC8051_Genetic.db"  >
        

        <ExperimentalDesign
            max_proc = "4"
            retry_attempts = "2"            
            overwrite_existing = "on"            
            build_factorial_design = "on"
            implement_design = "on"
            implement_default_config = "off"
            build_testbench_random_inputs = "off"		
            simulate_switching_activity = "on"
            only_update_testbench = "off"		
            first_index = ""
            last_index = ""	        
        >
            
            <generic            
                custom_parameters = "{ 
                'SynthesisScriptTemplate' : 'SynthesisPhase.tcl', 
                'ImplementationScriptTemplate' : 'ImplementationPhase.tcl',
                'GenBitstreamScriptTemplate' : 'GenBitstreamPhase.tcl'
                }"                      
                design_label = "Zynq_MC8051_"
                design_dir = "../../../Projects/Controllers/MC8051_Genetic_RF"
                template_dir = "Zync_Template"
                log_dir = "./log"
                netlist_dir = "./netgen"
                constraint_file = ""                
            />        

            
            <ImplementationFlow name = "Vivado" EntryPhase = "Synthesis" >            
                <phase 
                    name =  "Synthesis"
                    script_builder = "VivadoBuildScript"
                    result_handler = "VivadoRetrieveResults"
                    postcondition_handler = "XilinxCheckPostcondition"
                    next = "Implementation">
                
                    <!-- Default Synthesis Options -->
                    <option name = "strategy" default = "Vivado Synthesis Defaults" />    
                    <option name = "steps.synth_design.args.directive" default = "Default" />                                                                                                                   
                    <option name = "STEPS.SYNTH_DESIGN.ARGS.FLATTEN_HIERARCHY" default = "rebuilt" />                                                           
                    <option name = "STEPS.SYNTH_DESIGN.ARGS.GATED_CLOCK_CONVERSION" default = "auto" />                                                            
                    <option name = "STEPS.SYNTH_DESIGN.ARGS.BUFG" default = "12" />                                       
                    <option name = "STEPS.SYNTH_DESIGN.ARGS.FANOUT_LIMIT" default = "10000" />                                       
                    <option name = "STEPS.SYNTH_DESIGN.ARGS.RETIMING" default = "false" />
                    <option name = "STEPS.SYNTH_DESIGN.ARGS.FSM_EXTRACTION" default = "auto" />                    
                    <option name = "STEPS.SYNTH_DESIGN.ARGS.KEEP_EQUIVALENT_REGISTERS" default = "false" />                    
                    <option name = "STEPS.SYNTH_DESIGN.ARGS.RESOURCE_SHARING" default = "auto" />                                        
                    <option name = "STEPS.SYNTH_DESIGN.ARGS.CONTROL_SET_OPT_THRESHOLD" default = "auto" />                    
                    <option name = "STEPS.SYNTH_DESIGN.ARGS.NO_LC" default = "false" />
                    <option name = "STEPS.SYNTH_DESIGN.ARGS.NO_SRLEXTRACT" default = "false" />
                    <option name = "STEPS.SYNTH_DESIGN.ARGS.SHREG_MIN_SIZE" default = "3" />                    
                    <option name = "STEPS.SYNTH_DESIGN.ARGS.MAX_BRAM" default = "-1" />
                    <option name = "STEPS.SYNTH_DESIGN.ARGS.MAX_URAM" default = "-1" />
                    <option name = "STEPS.SYNTH_DESIGN.ARGS.MAX_DSP" default = "-1" />		
                    <option name = "STEPS.SYNTH_DESIGN.ARGS.MAX_BRAM_CASCADE_HEIGHT" default = "-1" />
                    <option name = "STEPS.SYNTH_DESIGN.ARGS.MAX_URAM_CASCADE_HEIGHT" default = "-1" />
                    <option name = "STEPS.SYNTH_DESIGN.ARGS.CASCADE_DSP" default = "auto" />
                    <option name = "STEPS.SYNTH_DESIGN.ARGS.ASSERT" default = "false" />                                       
                </phase>
            

                <phase 
                    name =  "Implementation"
                    script_builder = "VivadoBuildScript"
                    result_handler = "VivadoRetrieveResults"
                    postcondition_handler = "XilinxCheckPostcondition"
                    next = "GenBitstream">
                
                    <option name = "strategy" default = "Vivado Implementation Defaults" />
                    <option name = "STEPS.OPT_DESIGN.IS_ENABLED" default = "true" />
                    <option name = "STEPS.OPT_DESIGN.ARGS.DIRECTIVE" default = "Default" />
                    <option name = "STEPS.POWER_OPT_DESIGN.IS_ENABLED"  default = "false" />
                    <option name = "STEPS.PLACE_DESIGN.ARGS.DIRECTIVE" default = "Default" />
                    <option name = "STEPS.POST_PLACE_POWER_OPT_DESIGN.IS_ENABLED"  default = "true" />                          
                    <option name = "STEPS.ROUTE_DESIGN.ARGS.DIRECTIVE"  default = "Default" />      
                    <option name = "STEPS.POST_ROUTE_PHYS_OPT_DESIGN.IS_ENABLED"  default = "false" />      
                    <option name = "STEPS.POST_ROUTE_PHYS_OPT_DESIGN.ARGS.DIRECTIVE"  default = "Default" />  
                                      
                    <Constraint
                        placeholder = "#CONSTRAINT"
                        goal = "max"
                        start_value = "28"
                        adjust_step = "2"
                        return_to_phase = "Synthesis"
                        check_handler = "VivadoCheckTimingSatisfied" />
                </phase>

                <phase 
                    name =  "GenBitstream"
                    script_builder = "VivadoBuildScript"
                    result_handler = "VivadoRetrieveResults"
                    postcondition_handler = "XilinxCheckPostcondition"
                    next = "">
                  
                </phase>    

                   
                
            </ImplementationFlow>
            

            
            <factorial_design table_of_factors = "" resolution = "4" >

               <factor name = "X01" option = "strategy" phase = "Synthesis">
                    <setting factor_value = "0" option_value = "Vivado Synthesis Defaults" />               
                    <setting factor_value = "1" option_value = "Flow_AreaOptimized_high" />
                    <setting factor_value = "2" option_value = "Flow_AreaOptimized_medium" />	
                    <setting factor_value = "3" option_value = "Flow_AreaMultThresholdDSP" />	
                    <setting factor_value = "4" option_value = "Flow_AlternateRoutability" />	
                    <setting factor_value = "5" option_value = "Flow_PerfOptimized_high" />	
                    <setting factor_value = "6" option_value = "Flow_PerfThresholdCarry" />	
                    <setting factor_value = "7" option_value = "Flow_RuntimeOptimized" />	                    
                </factor>            

                
               <factor name = "X02" option = "steps.synth_design.args.directive" phase = "Synthesis">
                    <setting factor_value = "0" option_value = "Default" />               
                    <setting factor_value = "1" option_value = "RuntimeOptimized" />
                    <setting factor_value = "2" option_value = "AreaOptimized_high" />	
                    <setting factor_value = "3" option_value = "AreaOptimized_medium" />	
                    <setting factor_value = "4" option_value = "AlternateRoutability" />	
                    <setting factor_value = "5" option_value = "AreaMapLargeShiftRegToBRAM" />	
                    <setting factor_value = "6" option_value = "AreaMultThresholdDSP" />	
                    <setting factor_value = "7" option_value = "FewerCarryChains" />	                    
                </factor>                
                
               <factor name = "X03" option = "STEPS.SYNTH_DESIGN.ARGS.FLATTEN_HIERARCHY" phase = "Synthesis">
                    <setting factor_value = "0" option_value = "none" />               
                    <setting factor_value = "1" option_value = "full" />
                    <setting factor_value = "2" option_value = "rebuilt" />	
                </factor>                  

               <factor name = "X04" option = "STEPS.SYNTH_DESIGN.ARGS.GATED_CLOCK_CONVERSION" phase = "Synthesis">
                    <setting factor_value = "0" option_value = "off" />               
                    <setting factor_value = "1" option_value = "on" />
                    <setting factor_value = "2" option_value = "auto" />	
                </factor>                                  
                
               <factor name = "X05" option = "STEPS.SYNTH_DESIGN.ARGS.BUFG" phase = "Synthesis">
                    <setting factor_value = "0" option_value = "0" />               
                    <setting factor_value = "1" option_value = "1" />
                    <setting factor_value = "2" option_value = "5" />	
                    <setting factor_value = "3" option_value = "12" />	
                    <setting factor_value = "4" option_value = "50" />	                    
                    <setting factor_value = "5" option_value = "100" />	                                        
                </factor>       

                
               <factor name = "X06" option = "STEPS.SYNTH_DESIGN.ARGS.FANOUT_LIMIT" phase = "Synthesis">
                    <setting factor_value = "0" option_value = "10" />               
                    <setting factor_value = "1" option_value = "100" />
                    <setting factor_value = "2" option_value = "1000" />	
                    <setting factor_value = "3" option_value = "10000" />	
                </factor>       

               <factor name = "X07" option = "STEPS.SYNTH_DESIGN.ARGS.RETIMING" phase = "Synthesis">
                    <setting factor_value = "0" option_value = "false" />               
                    <setting factor_value = "1" option_value = "true" />
                </factor>       
                
               <factor name = "X08" option = "STEPS.SYNTH_DESIGN.ARGS.FSM_EXTRACTION" phase = "Synthesis">
                    <setting factor_value = "0" option_value = "auto" />               
                    <setting factor_value = "1" option_value = "one_hot" />
                    <setting factor_value = "2" option_value = "sequential" />	
                    <setting factor_value = "3" option_value = "johnson" />	
                    <setting factor_value = "4" option_value = "gray" />	
                    <setting factor_value = "5" option_value = "off" />	                    
                </factor>     

               <factor name = "X09" option = "STEPS.SYNTH_DESIGN.ARGS.KEEP_EQUIVALENT_REGISTERS" phase = "Synthesis">
                    <setting factor_value = "0" option_value = "false" />               
                    <setting factor_value = "1" option_value = "true" />
                </factor>     
                
               <factor name = "X10" option = "STEPS.SYNTH_DESIGN.ARGS.RESOURCE_SHARING" phase = "Synthesis">
                    <setting factor_value = "0" option_value = "auto" />               
                    <setting factor_value = "1" option_value = "on" />
                    <setting factor_value = "2" option_value = "off" />	
                </factor>                     
                
               <factor name = "X11" option = "STEPS.SYNTH_DESIGN.ARGS.CONTROL_SET_OPT_THRESHOLD" phase = "Synthesis">
                    <setting factor_value = "0" option_value = "auto" />               
                    <setting factor_value = "1" option_value = "0" />
                    <setting factor_value = "2" option_value = "1" />	
                    <setting factor_value = "3" option_value = "5" />	
                    <setting factor_value = "4" option_value = "10" />	
                    <setting factor_value = "5" option_value = "16" />	                                                            
                </factor>   
                            
                
               <factor name = "X13" option = "STEPS.SYNTH_DESIGN.ARGS.NO_LC" phase = "Synthesis">
                    <setting factor_value = "0" option_value = "false" />               
                    <setting factor_value = "1" option_value = "true" />
                </factor>                     
                
               <factor name = "X14" option = "STEPS.SYNTH_DESIGN.ARGS.NO_SRLEXTRACT" phase = "Synthesis">
                    <setting factor_value = "0" option_value = "false" />               
                    <setting factor_value = "1" option_value = "true" />
                </factor>                     
                
               <factor name = "X15" option = "STEPS.SYNTH_DESIGN.ARGS.SHREG_MIN_SIZE" phase = "Synthesis">
                    <setting factor_value = "0" option_value = "0" />               
                    <setting factor_value = "1" option_value = "3" />
                    <setting factor_value = "2" option_value = "8" />	
                    <setting factor_value = "3" option_value = "16" />	
                    <setting factor_value = "4" option_value = "32" />	
                    <setting factor_value = "5" option_value = "128" />	                                                            
                </factor>                 
                
               <factor name = "X16" option = "STEPS.SYNTH_DESIGN.ARGS.MAX_BRAM" phase = "Synthesis">
                    <setting factor_value = "0" option_value = "-1" />               
                    <setting factor_value = "1" option_value = "0" />
                    <setting factor_value = "2" option_value = "1" />	
                    <setting factor_value = "3" option_value = "8" />	
                    <setting factor_value = "4" option_value = "16" />	
                    <setting factor_value = "5" option_value = "32" />	                                                            
                </factor>                  
                
               <factor name = "X17" option = "STEPS.SYNTH_DESIGN.ARGS.MAX_URAM" phase = "Synthesis">
                    <setting factor_value = "0" option_value = "-1" />               
                    <setting factor_value = "1" option_value = "0" />
                    <setting factor_value = "2" option_value = "1" />	
                    <setting factor_value = "3" option_value = "8" />	
                    <setting factor_value = "4" option_value = "16" />	
                    <setting factor_value = "5" option_value = "32" />	                                                            
                </factor>                  

               <factor name = "X18" option = "STEPS.SYNTH_DESIGN.ARGS.MAX_DSP" phase = "Synthesis">
                    <setting factor_value = "0" option_value = "-1" />               
                    <setting factor_value = "1" option_value = "0" />
                    <setting factor_value = "2" option_value = "1" />	
                    <setting factor_value = "3" option_value = "8" />	
                    <setting factor_value = "4" option_value = "16" />	
                    <setting factor_value = "5" option_value = "32" />	                                                            
                </factor>                  

                
               <factor name = "X19" option = "STEPS.SYNTH_DESIGN.ARGS.MAX_BRAM_CASCADE_HEIGHT" phase = "Synthesis">
                    <setting factor_value = "0" option_value = "-1" />               
                    <setting factor_value = "1" option_value = "0" />
                    <setting factor_value = "2" option_value = "1" />	
                    <setting factor_value = "3" option_value = "8" />	
                    <setting factor_value = "4" option_value = "16" />	
                    <setting factor_value = "5" option_value = "32" />	                                                            
                </factor>                  
                
               <factor name = "X20" option = "STEPS.SYNTH_DESIGN.ARGS.MAX_URAM_CASCADE_HEIGHT" phase = "Synthesis">
                    <setting factor_value = "0" option_value = "-1" />               
                    <setting factor_value = "1" option_value = "0" />
                    <setting factor_value = "2" option_value = "1" />	
                    <setting factor_value = "3" option_value = "8" />	
                    <setting factor_value = "4" option_value = "16" />	
                    <setting factor_value = "5" option_value = "32" />	                                                            
                </factor> 

               <factor name = "X21" option = "STEPS.SYNTH_DESIGN.ARGS.CASCADE_DSP" phase = "Synthesis">
                    <setting factor_value = "0" option_value = "auto" />               
                    <setting factor_value = "1" option_value = "tree" />
                    <setting factor_value = "2" option_value = "force" />	
                </factor>             

               <factor name = "X22" option = "STEPS.SYNTH_DESIGN.ARGS.ASSERT" phase = "Synthesis">
                    <setting factor_value = "0" option_value = "false" />               
                    <setting factor_value = "1" option_value = "true" />
                </factor>    

               <factor name = "X23" option = "strategy" phase = "Implementation">
                    <setting factor_value = "0" option_value = "Performance_Explore" />               
                    <setting factor_value = "1" option_value = "Performance_ExplorePostRoutePhysOpt" />               
                    <setting factor_value = "2" option_value = "Performance_WLBlockPlacement" />
                    <setting factor_value = "3" option_value = "Performance_WLBlockPlacementFanoutOpt" />	
                    <setting factor_value = "4" option_value = "Performance_EarlyBlockPlacement" />	
                    <setting factor_value = "5" option_value = "Performance_NetDelay_high" />	
                    <setting factor_value = "6" option_value = "Performance_NetDelay_low" />	
                    <setting factor_value = "7" option_value = "Performance_Retiming" />	
                    <setting factor_value = "8" option_value = "Performance_ExtraTimingOpt" />	                    
                    <setting factor_value = "9" option_value = "Performance_RefinePlacement" />	                    
                    <setting factor_value = "10" option_value = "Performance_SpreadSSLs" />	                    
                    <setting factor_value = "11" option_value = "Performance_BalanceSSLs" />	                    
                    <setting factor_value = "12" option_value = "Congestion_SpreadLogic_high" />	                    
                    <setting factor_value = "13" option_value = "Congestion_SpreadLogic_medium" />	                    
                    <setting factor_value = "14" option_value = "Congestion_SpreadLogic_low" />	                    
                    <setting factor_value = "15" option_value = "Congestion_SpreadLogic_Explore" />	                    
                    <setting factor_value = "16" option_value = "Congestion_SSI_SpreadLogic_high" />	                    
                    <setting factor_value = "17" option_value = "Congestion_SSI_SpreadLogic_low" />	                    
                    <setting factor_value = "18" option_value = "Congestion_SSI_SpreadLogic_Explore" />	                    
                    <setting factor_value = "19" option_value = "Area_Explore" />	                    
                    <setting factor_value = "20" option_value = "Area_ExploreSequential" />	                    
                    <setting factor_value = "21" option_value = "Area_ExploreWithRemap" />	                    
                    <setting factor_value = "22" option_value = "Power_DefaultOpt" />	                    
                    <setting factor_value = "23" option_value = "Power_ExploreArea" />	                    
                    <setting factor_value = "24" option_value = "Flow_RunPhysOpt" />	                    
                    <setting factor_value = "25" option_value = "Flow_RunPostRoutePhysOpt" />	                    
                    <setting factor_value = "26" option_value = "Flow_RuntimeOptimized" />	                    
                    <setting factor_value = "27" option_value = "Flow_Quick" />	                                        
                </factor>                     
   

               <factor name = "X24" option = "STEPS.OPT_DESIGN.IS_ENABLED" phase = "Implementation">
                    <setting factor_value = "0" option_value = "false" />               
                    <setting factor_value = "1" option_value = "true" />
                </factor>           
                
               <factor name = "X25" option = "STEPS.OPT_DESIGN.ARGS.DIRECTIVE" phase = "Implementation">
                    <setting factor_value = "0" option_value = "Explore" />               
                    <setting factor_value = "1" option_value = "ExploreArea" />
                    <setting factor_value = "2" option_value = "ExploreSequentialArea" />	
                    <setting factor_value = "3" option_value = "AddRemap" />	
                    <setting factor_value = "4" option_value = "NoBramPowerOpt" />	
                    <setting factor_value = "5" option_value = "RuntimeOptimized" />	
                    <setting factor_value = "6" option_value = "ExploreWithRemap" />	                    
                    <setting factor_value = "7" option_value = "Default" />	
                </factor>           

               <factor name = "X26" option = "STEPS.POWER_OPT_DESIGN.IS_ENABLED" phase = "Implementation">
                    <setting factor_value = "0" option_value = "false" />               
                    <setting factor_value = "1" option_value = "true" />
                </factor>           
                
               <factor name = "X27" option = "STEPS.PLACE_DESIGN.ARGS.DIRECTIVE" phase = "Implementation">                    
                    <setting factor_value = "0" option_value = "Explore" />
                    <setting factor_value = "1" option_value = "WLDrivenBlockPlacement" />
                    <setting factor_value = "2" option_value = "LateBlockPlacement" />	
                    <setting factor_value = "3" option_value = "ExtraNetDelay_high" />	
                    <setting factor_value = "4" option_value = "ExtraNetDelay_medium" />	
                    <setting factor_value = "5" option_value = "ExtraNetDelay_low" />	
                    <setting factor_value = "6" option_value = "SpreadLogic_high" />	
                    <setting factor_value = "7" option_value = "SpreadLogic_medium" />	                    
                    <setting factor_value = "8" option_value = "SpreadLogic_low" />	                    
                    <setting factor_value = "9" option_value = "ExtraPostPlacementOpt" />	                    
                    <setting factor_value = "10" option_value = "SSI_ExtraTimingOpt" />	                    
                    <setting factor_value = "11" option_value = "SSI_SpreadSLLs" />	                    
                    <setting factor_value = "12" option_value = "SSI_BalanceSLLs" />	                    
                    <setting factor_value = "13" option_value = "SSI_BalanceSLRs" />	                    
                    <setting factor_value = "14" option_value = "SSI_HighUtilSLRs" />	                    
                    <setting factor_value = "15" option_value = "RuntimeOptimized" />	                    
                    <setting factor_value = "16" option_value = "Quick" />	     
                    <setting factor_value = "17" option_value = "Default" />               
                </factor>          
                
               <factor name = "X28" option = "STEPS.POST_PLACE_POWER_OPT_DESIGN.IS_ENABLED" phase = "Implementation">
                    <setting factor_value = "0" option_value = "false" />               
                    <setting factor_value = "1" option_value = "true" />
                </factor>             

               <factor name = "X29" option = "STEPS.ROUTE_DESIGN.ARGS.DIRECTIVE" phase = "Implementation">
                    <setting factor_value = "0" option_value = "Explore" />               
                    <setting factor_value = "1" option_value = "NoTimingRelaxation" />
                    <setting factor_value = "2" option_value = "MoreGlobalIterations" />	
                    <setting factor_value = "3" option_value = "HigherDelayCost" />	
                    <setting factor_value = "4" option_value = "AdvancedSkewModeling" />	
                    <setting factor_value = "5" option_value = "Default" />	
                    <setting factor_value = "6" option_value = "RuntimeOptimized" />	
                    <setting factor_value = "7" option_value = "Quick" />	                    
                </factor>  
                
               <factor name = "X30" option = "STEPS.POST_ROUTE_PHYS_OPT_DESIGN.IS_ENABLED" phase = "Implementation">
                    <setting factor_value = "0" option_value = "false" />               
                    <setting factor_value = "1" option_value = "true" />
                </factor>      

               <factor name = "X31" option = "STEPS.POST_ROUTE_PHYS_OPT_DESIGN.ARGS.DIRECTIVE" phase = "Implementation">
                    <setting factor_value = "0" option_value = "Explore" />               
                    <setting factor_value = "1" option_value = "AggressiveExplore" />
                    <setting factor_value = "2" option_value = "AddRetime" />	
                    <setting factor_value = "3" option_value = "Default" />	
                </factor>                 
                                                                               
            </factorial_design>            
        
        </ExperimentalDesign>
    
    
    
        <!-- platform: Multicore / Grid / GridLight 
            #RUNDIR - path from where SBFI tool is launched
        -->
        <FaultInjection
            platform = "Multicore"
            initializer_phase = "on"    
            profiler_phase = "off"
            injector_phase = "off"
            reportbuilder_phase = "on"    
            >
              <!-- 
                design_type: RTL / NETLIST
                    if RTL: faults are injected into signals and variables
                    if Netlist: faults are injected into primitives according to the library_specification
                library_specification: leave it blank if design_type = RTL
            -->
            <Generic
                design_type = "RTL"
                library_specification = "./FaultDictionaries/Vivado_Simprim_VHDL.xml"
                compile_script = "../rtl_compile.do"
                run_script = "../rtl_run.do"	
                std_clk_period = "19.0"
                std_rst_delay = "0"
                std_init_time =  "0"
                std_workload_time = "9000"
                finish_flag = ""
            />
            

            <!-- 
                observe_outputs =  no / yes / notrigger
                    no: outputs are not included into observation list
                    yes: outputs are observed, new sample is appended at any transition of any of output signals
                    notrigger: outputs are included into observation list, but sampling is not triggered by their transitions
            -->
            
            <Initializer
                    virtual_register_reconstruction = "on"				
                    observe_outputs = "notrigger"                
                    build_injection_list   = "on"
                    build_dump_init_script = "on"		
                    match_pattern_file = ""			
                >
                
                    
            <!-- unit path: withing the design scope-->            
                <InjectionScope node_prefix = ""   unit_path = "/tb_mc8051_top/i_mc8051_top/i_mc8051_core/" />

                <ObservationScope node_prefix = "" unit_path = "/tb_mc8051_top/i_mc8051_top/i_mc8051_core/" label_prefix = "core_" sampling_options = "-notrigger"/>

                    
                    <!-- location: INTERNALS / OUTPUTS -->            
                <GenericObservationNodes>
                   <memarray 	location = "INTERNALS" 	options = "" 		label = "RAM" 		path= "sim:/i_mc8051_top/i_mc8051_ram/gpram"  low_address = "0" high_address = "127" comment="Onchip Memory" />					
                   <memarray 	location = "OUTPUTS" 	options = "" 		label = "XRAM" 		path= "sim:/i_mc8051_top/i_mc8051_ramx/gpram" low_address = "0" high_address = "11" comment="External Memory" />		
                   <signal 	    location = "OUTPUTS" 	options = "" 		label = "PORT_A" 	path= "sim:/tb_mc8051_top/i_mc8051_top/p1_o"  comment="PORT_A" />						
                </GenericObservationNodes>
            </Initializer>



            <!-- ColdRestore/WarmRestore - cold checkpoint restore /    -->
            <Injector
                    checkpont_mode = "WarmRestore"
                    maxproc = "8"
                    workload_split_factor = "10"			
                    campaign_label = "MC8051_RTL"		
                    cleanup_folders="off"
                    compile_project = "off"
                    create_scripts="off"
                    create_checkpoints="off"
                    create_precise_checkpoints = "off"
                    create_injection_scripts = "off"
                    run_faultinjection="off"
                    remove_par_lib_after_checkpoint_stored = "on"
                    cancel_pending_tasks = "off"
                    
                    sim_time_checkpoints = "16:00:00"
                    sim_time_injections =  "20:00:00"
                    work_label = "simpy_"
                    wlf_remove_time = "500"	
                    runtime_terminate = "off"
                    run_cleanup = "on"
                    monitoring_mode = "on"
                >	


                

                

                <!-- # for current value, $SCALE to multiply by scaling factor for given configuration -->                
                <fault_model
                    model = "bit_flip"
                    target_logic = "SIGNAL"
                    faults_per_target = "1"
                    time_mode = "Relative"
                    injection_time_start = "0.0"            
                    injection_time_end = "1.0"
                    increment_time_step = "0.0" 
                    experiments_per_target = "1"
                    sample_size = "1000"
                    rand_seed	= "2"					
                />	
        
            </Injector>
                

            <Analyzer
                report_dir = "#RUNDIR/../../HTWEB/DEMO"
                unpack_from_dir = ""        
                detect_failures_at_finish_time = "on"
                error_flag_signal = ""
                error_flag_active_value = ""
                trap_type_signal = ""                         
                neg_timegap = "0"
                pos_timegap = "1000"
                check_duration_factor = "0"           
                threads = "4"
                >		    
            
                <join_groups>
                
                </join_groups>
                
                <rename_list>
                    
                </rename_list>	
                
            </Analyzer>	
                
           <ReportBuilder                    
                write_html_dumps = "off"
                dynamic_linking = "on"
                hierarchical_error_analysis = "off"
                trap_types_description_file = ""
                split_by_time_intervals = "off"
                split_by_activity_duration_interval = ""
                split_by_effective_switches_intervals = ""		
                normalize_by_workload_duration = "off"
                split_by_logic_type = ""	
                split_by_profiled_value = ""	
                memory_saving_mode = "on"
                default_logic_type = "SIGNAL" 
             />       

            
            
            <config
                work_dir = "../../Projects/Controllers/MC8051/MC8051_RTL"
                label = "MC8051_RTL"
                compile_options = ""
                run_options = ""
                clk_period = "16.0"
                start_from = ""
                stop_at = ""
            />

        </FaultInjection>
    
    
    <DecisionSupport>
    
        <DerivedMetrics>
            <DerivedMetric
                name = "MTTF_K_21"
                handler = "DeriveMTTF"
                custom_arg = "{'k': 21, 'fit.x_lut': 107E-15, 'fit.x_ff': 2E-15}"
            />
        </DerivedMetrics>
        
    </DecisionSupport>
    
    </DAVOS>
    
</data>
