<?xml version="1.0" encoding="UTF-8"?>
<data>

    <DAVOS
        DesignBuilder = "off"
        FaultInjection = "on"
        DecisionSupport = "on"
        report_dir = "#RUNDIR/../../HTWEB/DEMO"        
        dbfile = "MC8051_ISE.db"  >
        

        <ExperimentalDesign
            max_proc = "2"
            retry_attempts = "2"            
            overwrite_existing = "on"            
            build_factorial_design = "on"
            implement_design = "on"
            implement_default_config = "off"
            build_testbench_random_inputs = "off"		
            simulate_switching_activity = "on"
            only_update_testbench = "off"		
            first_index = ""
            last_index = ""	        
        >
            
            <generic            
                custom_parameters = "{
                    'ise_path' : 'C:/Xilinx/14.7/ISE_DS',
                    'device': 'xc6vcx240t-ff784-2',
                    'speed_grade': '2',
                    'intstyle': 'ise',
                    'ifn': 'mc8051_core.prj',
                    'top_design_unit': 'mc8051_core',
                    'rpw_tpw': '-rpw 100 -tpw 0',
                    'basic_netgen_options': '-mhf -fn -ar Structure -w -ofmt vhdl',
                    'waveform_file' : 'xpower_wave.wcfg',
                    'isim_gui': 'off' }"
                                              
                design_label = "MC8051_ISE_"
                design_dir = "../../../Projects/Controllers/MC8051_Test"
                template_dir = "./ISE_Template"
                log_dir = "./netgen/log"
                netlist_dir = "./netgen"
                constraint_file = "./constraints.ucf"                
                
                
                clk_net = "clk"
                rst_net = ""		                        
                testbench_template_file = ""
                sim_project_file = "testbench_par.prj"
                testbench_file = "testbench.vhd"
                testbench_top_unit = "tb_mc8051_top"
                clk_constant = "clkperiod"
                uut_root = "i_mc8051_top/i_mc8051_core"
                std_start_time 	= "0"
                std_observation_time 	= "9000"
                std_clock_period = "19.0"
                
            />        

            
            <ImplementationFlow name = "XilinxIseBuildScript" EntryPhase = "Synthesis" >            
                <phase 
                    name =  "Synthesis"
                    script_builder = "XilinxIseBuildScript"
                    result_handler = "XilinxIseRetrieveResults"
                    postcondition_handler = "XilinxCheckPostcondition"
                    next = "Translate">
                
                    <!-- Default Synthesis Options -->
                    <option name = "opt_mode" default = "Speed" />
                    <option name = "opt_level" default = "1" />
                    <option name = "power" default = "NO" />
                    <option name = "iuc" default = "NO" />
                    <option name = "keep_hierarchy" default = "No" />
                    <option name = "netlist_hierarchy" default = "As_Optimized" />
                    <option name = "glob_opt" default = "AllClockNets" />
                    <option name = "rtlview" default = "Yes" />
                    <option name = "read_cores" default = "YES" />
                    <option name = "write_timing_constraints" default = "NO" />
                    <option name = "cross_clock_analysis" default = "NO" />
                    <option name = "hierarchy_separator" default = "/" />
                    <option name = "bus_delimiter" default = "()" />
                    <option name = "slice_utilization_ratio" default = "100%" />
                    <option name = "bram_utilization_ratio" default = "100%" />
                    <option name = "dsp_utilization_ratio" default = "100%" />
                    <option name = "case" default = "Maintain" />		
                    <option name = "fsm_extract" default = "YES" />
                    <option name = "fsm_encoding" default = "Auto" />
                    <option name = "safe_implementation" default = "No" />
                    <option name = "fsm_style" default = "LUT" />
                    <option name = "ram_extract" default = "Yes" />
                    <option name = "ram_style" default = "Auto" />
                    <option name = "rom_extract" default = "Yes" />
                    <option name = "rom_style" default = "Auto" />
                    <option name = "auto_bram_packing" default = "NO" />
                    <option name = "shreg_extract" default = "YES" />
                    <option name = "shreg_min_size" default = "2" />
                    <option name = "resource_sharing" default = "YES" />
                    <option name = "use_dsp48" default = "Auto" />
                    <option name = "async_to_sync" default = "NO" />
                    <option name = "iobuf" default = "YES" />
                    <option name = "max_fanout" default = "100000" />
                    <option name = "bufg" default = "32" />
                    <option name = "register_duplication" default = "YES" />
                    <option name = "equivalent_register_removal" default = "YES" />
                    <option name = "register_balancing" default = "No" />
                    <option name = "iob" default = "Auto" />
                    <option name = "lc" default = "Auto" />
                    <option name = "reduce_control_sets" default = "Auto" />
                    <option name = "use_clock_enable" default = "Auto" />
                    <option name = "use_sync_set" default = "Auto" />
                    <option name = "use_sync_reset" default = "Auto" />
                    <option name = "optimize_primitives" default = "NO" />           
                </phase>
            

                <phase 
                    name =  "Translate"
                    script_builder = "XilinxIseBuildScript"
                    result_handler = "XilinxIseRetrieveResults"
                    postcondition_handler = "XilinxCheckPostcondition"
                    next = "Map">
                
                    <option name = "dd" default = "_ngo" />
                    <option name = "sd" default = "../../netlists/xilinx/Virtex2" />
                    <option name = "r"  default = "" />
                    <option name = "nt" default = "timestamp" />
                    <option name = "a"  default = "" />           
                </phase>
            

                <phase 
                    name =  "Map"
                    script_builder = "XilinxIseBuildScript"
                    result_handler = "XilinxIseRetrieveResults"
                    postcondition_handler = "XilinxCheckPostcondition"
                    next = "Par">
                
                    <option name = "w" default = "" />
                    <option name = "logic_opt" default = "off" />
                    <option name = "ol" default = "high" />
                    <option name = "t" default = "1" />
                    <option name = "xt" default = "0" />
                    <option name = "register_duplication" default = "off" />
                    <option name = "r" default = "4" />
                    <option name = "global_opt" default = "off" />
                    <option name = "mt" default = "off" />
                    <option name = "ir" default = "off" />
                    <option name = "pr" default = "off" />
                    <option name = "lc" default = "off" />
                    <option name = "power" default = "off" />           
                </phase>    
            
            
                <phase 
                    name =  "Par"
                    script_builder = "XilinxIseBuildScript"
                    result_handler = "XilinxIseRetrieveResults"
                    postcondition_handler = "XilinxCheckPostcondition"
                    next = "Trace">
                
                    <option name = "ol" default = "high" />
                    <option name = "mt" default = "off" />
                    <option name = "power" default = "off" />           
                </phase>     
            
            
                <phase 
                    name =  "Trace"
                    script_builder = "XilinxIseBuildScript"
                    result_handler = "XilinxIseRetrieveResults"
                    postcondition_handler = "XilinxCheckPostcondition"
                    next = "PowerAnalysisDefault">

                    <Constraint
                        placeholder = "#ClkVal"
                        goal = "min"
                        start_value = "15.0"
                        adjust_step = "1.0"
                        return_to_phase = "Translate"
                        check_handler = "XilinxCheckTimingSatisfied" />
                </phase>    

                <phase 
                    name =  "PowerAnalysisDefault"
                    script_builder = "XilinxIseBuildScript"
                    result_handler = "XilinxIseRetrieveResults"
                    postcondition_handler = "XilinxCheckPostcondition"
                    next = "BuildNetlist">                         
                </phase>                  
                
                <phase 
                    name =  "BuildNetlist"
                    script_builder = "XilinxIseBuildScript"
                    result_handler = "XilinxIseRetrieveResults"
                    postcondition_handler = "XilinxCheckPostcondition"
                    next = "SimCompile">
                          
                </phase>    

                
                <phase 
                    name =  "SimCompile"
                    script_builder = "XilinxIseBuildScript"
                    result_handler = "XilinxIseRetrieveResults"
                    postcondition_handler = "XilinxCheckPostcondition"
                    next = "SimulateSwitchingActivity">
                  
                </phase>       

                
                <phase 
                    name =  "SimulateSwitchingActivity"
                    script_builder = "XilinxIseBuildScript"
                    result_handler = "XilinxIseRetrieveResults"
                    postcondition_handler = "XilinxCheckPostcondition"
                    next = "PowerAnalysisSimulated">
                          
                </phase>          

                
                <phase 
                    name =  "PowerAnalysisSimulated"
                    script_builder = "XilinxIseBuildScript"
                    result_handler = "XilinxIseRetrieveResults"
                    postcondition_handler = "XilinxCheckPostcondition"
                    next = "">                         
                </phase>     
                
            </ImplementationFlow>
            

            
            <factorial_design table_of_factors = "" resolution = "4" >
                <!-- Synthesis Options -->
                <factor name = "X01" option = "opt_mode" phase = "Synthesis">
                    <setting factor_value = "0" option_value = "Speed" />
                    <setting factor_value = "1" option_value = "Area" />			
                </factor>

                <factor name = "X02" option = "opt_level" phase = "Synthesis">
                    <setting factor_value = "0" option_value = "1" />
                    <setting factor_value = "1" option_value = "2" />			
                </factor>

                <factor name = "X03" option = "power" phase = "Synthesis">
                    <setting factor_value = "0" option_value = "NO" />
                    <setting factor_value = "1" option_value = "YES" />			
                </factor>

                <factor name = "X04" option = "keep_hierarchy" phase = "Synthesis">
                    <setting factor_value = "0" option_value = "No" />
                    <setting factor_value = "1" option_value = "Yes" />			
                </factor>
                
                <factor name = "X05" option = "glob_opt" phase = "Synthesis">
                    <setting factor_value = "0" option_value = "AllClockNets" />
                    <setting factor_value = "1" option_value = "Max_Delay" />			
                </factor>

                <factor name = "X06" option = "cross_clock_analysis" phase = "Synthesis">
                    <setting factor_value = "0" option_value = "NO" />
                    <setting factor_value = "1" option_value = "YES" />			
                </factor>

                <factor name = "X07" option = "bram_utilization_ratio" phase = "Synthesis">
                    <setting factor_value = "0" option_value = "0%" />
                    <setting factor_value = "1" option_value = "100%" />			
                </factor>

                <factor name = "X08" option = "dsp_utilization_ratio" phase = "Synthesis">
                    <setting factor_value = "0" option_value = "0%" />
                    <setting factor_value = "1" option_value = "100%" />			
                </factor>
                
                <factor name = "X09" option = "fsm_extract" phase = "Synthesis">
                    <setting factor_value = "0" option_value = "NO" />
                    <setting factor_value = "1" option_value = "YES" />			
                </factor>

                <factor name = "X10" option = "fsm_encoding" phase = "Synthesis">
                    <setting factor_value = "0" option_value = "Auto" />
                    <setting factor_value = "1" option_value = "Compact" />			
                </factor>

                <factor name = "X11" option = "safe_implementation" phase = "Synthesis">
                    <setting factor_value = "0" option_value = "No" />
                    <setting factor_value = "1" option_value = "Yes" />			
                </factor>

                <factor name = "X12" option = "fsm_style" phase = "Synthesis">
                    <setting factor_value = "0" option_value = "LUT" />
                    <setting factor_value = "1" option_value = "BRAM" />			
                </factor>

                <factor name = "X13" option = "ram_extract" phase = "Synthesis">
                    <setting factor_value = "0" option_value = "No" />
                    <setting factor_value = "1" option_value = "Yes" />			
                </factor>

                <factor name = "X14" option = "ram_style" phase = "Synthesis">
                    <setting factor_value = "0" option_value = "Auto" />
                    <setting factor_value = "1" option_value = "Distributed" />			
                </factor>

                <factor name = "X15" option = "rom_extract" phase = "Synthesis">
                    <setting factor_value = "0" option_value = "No" />
                    <setting factor_value = "1" option_value = "Yes" />			
                </factor>

                <factor name = "X16" option = "rom_style" phase = "Synthesis">
                    <setting factor_value = "0" option_value = "Auto" />
                    <setting factor_value = "1" option_value = "Distributed" />			
                </factor>

                <factor name = "X17" option = "auto_bram_packing" phase = "Synthesis">
                    <setting factor_value = "0" option_value = "NO" />
                    <setting factor_value = "1" option_value = "YES" />			
                </factor>

                <factor name = "X18" option = "shreg_extract" phase = "Synthesis">
                    <setting factor_value = "0" option_value = "NO" />
                    <setting factor_value = "1" option_value = "YES" />			
                </factor>

                <factor name = "X19" option = "shreg_min_size" phase = "Synthesis">
                    <setting factor_value = "0" option_value = "2" />
                    <setting factor_value = "1" option_value = "8" />			
                </factor>

                <factor name = "X20" option = "resource_sharing" phase = "Synthesis">
                    <setting factor_value = "0" option_value = "NO" />
                    <setting factor_value = "1" option_value = "YES" />			
                </factor>

                <factor name = "X21" option = "use_dsp48" phase = "Synthesis">
                    <setting factor_value = "0" option_value = "Auto" />
                    <setting factor_value = "1" option_value = "Automax" />			
                </factor>

                <factor name = "X23" option = "max_fanout" phase = "Synthesis">
                    <setting factor_value = "0" option_value = "100" />
                    <setting factor_value = "1" option_value = "100000" />			
                </factor>

                <factor name = "X24" option = "register_duplication" phase = "Synthesis">
                    <setting factor_value = "0" option_value = "NO" />
                    <setting factor_value = "1" option_value = "YES" />			
                </factor>

                <factor name = "X25" option = "equivalent_register_removal" phase = "Synthesis">
                    <setting factor_value = "0" option_value = "NO" />
                    <setting factor_value = "1" option_value = "YES" />			
                </factor>

                <factor name = "X27" option = "iob" phase = "Synthesis">
                    <setting factor_value = "0" option_value = "False" />
                    <setting factor_value = "1" option_value = "True" />			
                </factor>

                <factor name = "X28" option = "lc" phase = "Synthesis">
                    <setting factor_value = "0" option_value = "Auto" />
                    <setting factor_value = "1" option_value = "Area" />			
                </factor>

                <factor name = "X29" option = "reduce_control_sets" phase = "Synthesis">
                    <setting factor_value = "0" option_value = "No" />
                    <setting factor_value = "1" option_value = "Auto" />			
                </factor>

                <factor name = "X30" option = "use_clock_enable" phase = "Synthesis">
                    <setting factor_value = "0" option_value = "No" />
                    <setting factor_value = "1" option_value = "Auto" />			
                </factor>

                <factor name = "X31" option = "use_sync_set" phase = "Synthesis">
                    <setting factor_value = "0" option_value = "No" />
                    <setting factor_value = "1" option_value = "Auto" />			
                </factor>

                <factor name = "X32" option = "use_sync_reset" phase = "Synthesis">
                    <setting factor_value = "0" option_value = "No" />
                    <setting factor_value = "1" option_value = "Auto" />			
                </factor>

                <factor name = "X33" option = "optimize_primitives" phase = "Synthesis">
                    <setting factor_value = "0" option_value = "NO" />
                    <setting factor_value = "1" option_value = "YES" />			
                </factor>
                
            </factorial_design>            
        
        </ExperimentalDesign>
    
    
    
        <!-- platform: Multicore / Grid / GridLight 
            #RUNDIR - path from where SBFI tool is launched
        -->
        <FaultInjection
            platform = "Multicore"
            initializer_phase = "on"    
            profiler_phase = "off"
            injector_phase = "off"
            reportbuilder_phase = "on"    
            >
              <!-- 
                design_type: RTL / NETLIST
                    if RTL: faults are injected into signals and variables
                    if Netlist: faults are injected into primitives according to the library_specification
                library_specification: leave it blank if design_type = RTL
            -->
            <Generic
                design_type = "RTL"
                library_specification = "./FaultDictionaries/Xilinx_Simprim_VHDL.xml"
                compile_script = "../rtl_compile.do"
                run_script = "../rtl_run.do"	
                std_clk_period = "19.0"
                std_rst_delay = "0"
                std_init_time =  "0"
                std_workload_time = "9000"
                finish_flag = ""
            />
            

            <!-- 
                observe_outputs =  no / yes / notrigger
                    no: outputs are not included into observation list
                    yes: outputs are observed, new sample is appended at any transition of any of output signals
                    notrigger: outputs are included into observation list, but sampling is not triggered by their transitions
            -->
            
            <Initializer
                    virtual_register_reconstruction = "on"				
                    observe_outputs = "notrigger"                
                    build_injection_list   = "on"
                    build_dump_init_script = "on"		
                    match_pattern_file = ""			
                >
                
                    
            <!-- unit path: withing the design scope-->            
                <InjectionScope node_prefix = ""   unit_path = "/tb_mc8051_top/i_mc8051_top/i_mc8051_core/" />

                <ObservationScope node_prefix = "" unit_path = "/tb_mc8051_top/i_mc8051_top/i_mc8051_core/" label_prefix = "core_" sampling_options = "-notrigger"/>

                    
                    <!-- location: INTERNALS / OUTPUTS -->            
                <GenericObservationNodes>
                   <memarray 	location = "INTERNALS" 	options = "" 		label = "RAM" 		path= "sim:/i_mc8051_top/i_mc8051_ram/gpram"  low_address = "0" high_address = "127" comment="Onchip Memory" />					
                   <memarray 	location = "OUTPUTS" 	options = "" 		label = "XRAM" 		path= "sim:/i_mc8051_top/i_mc8051_ramx/gpram" low_address = "0" high_address = "11" comment="External Memory" />		
                   <signal 	    location = "OUTPUTS" 	options = "" 		label = "PORT_A" 	path= "sim:/tb_mc8051_top/i_mc8051_top/p1_o"  comment="PORT_A" />						
                </GenericObservationNodes>
            </Initializer>



            <!-- ColdRestore/WarmRestore - cold checkpoint restore /    -->
            <Injector
                    checkpont_mode = "WarmRestore"
                    maxproc = "8"
                    workload_split_factor = "10"			
                    campaign_label = "MC8051_RTL"		
                    cleanup_folders="off"
                    compile_project = "off"
                    create_scripts="off"
                    create_checkpoints="off"
                    create_precise_checkpoints = "off"
                    create_injection_scripts = "off"
                    run_faultinjection="off"
                    remove_par_lib_after_checkpoint_stored = "on"
                    cancel_pending_tasks = "off"
                    
                    sim_time_checkpoints = "16:00:00"
                    sim_time_injections =  "20:00:00"
                    work_label = "simpy_"
                    wlf_remove_time = "500"	
                    runtime_terminate = "off"
                    run_cleanup = "on"
                    monitoring_mode = "on"
                >	


                

                

                <!-- # for current value, $SCALE to multiply by scaling factor for given configuration -->                
                <fault_model
                    model = "bit_flip"
                    target_logic = "SIGNAL"
                    faults_per_target = "1"
                    time_mode = "Relative"
                    injection_time_start = "0.0"            
                    injection_time_end = "1.0"
                    increment_time_step = "0.0" 
                    experiments_per_target = "1"
                    sample_size = "1000"
                    rand_seed	= "2"					
                />	
        
            </Injector>
                

            <Analyzer
                report_dir = "#RUNDIR/../../HTWEB/DEMO"
                unpack_from_dir = ""        
                detect_failures_at_finish_time = "on"
                error_flag_signal = ""
                error_flag_active_value = ""
                trap_type_signal = ""                         
                neg_timegap = "0"
                pos_timegap = "1000"
                check_duration_factor = "0"           
                threads = "4"
                >		    
            
                <join_groups>
                
                </join_groups>
                
                <rename_list>
                    
                </rename_list>	
                
            </Analyzer>	
                
           <ReportBuilder                    
                write_html_dumps = "off"
                dynamic_linking = "on"
                hierarchical_error_analysis = "off"
                trap_types_description_file = ""
                split_by_time_intervals = "off"
                split_by_activity_duration_interval = ""
                split_by_effective_switches_intervals = ""		
                normalize_by_workload_duration = "off"
                split_by_logic_type = ""	
                split_by_profiled_value = ""	
                memory_saving_mode = "on"
                default_logic_type = "SIGNAL" 
             />       

            
            
            <config
                work_dir = "../../Projects/Controllers/MC8051/MC8051_RTL"
                label = "MC8051_RTL"
                compile_options = ""
                run_options = ""
                clk_period = "16.0"
                start_from = ""
                stop_at = ""
            />

        </FaultInjection>
    
    
    <DecisionSupport>
    
        <DerivedMetrics>
            <DerivedMetric
                name = "MTTF_K_21"
                handler = "DeriveMTTF"
                custom_arg = "{'k': 21, 'fit.x_lut': 107E-15, 'fit.x_ff': 2E-15}"
            />
        </DerivedMetrics>
        
    </DecisionSupport>
    
    </DAVOS>
    
</data>
