<?xml version="1.0" encoding="UTF-8"?>
<data>

    <DAVOS
        ExperimentalDesignBuilder = "off"
        Implementation = "off"
        FaultInjection = "on"
        RegressionAnalysis = "off"
        OptimizationMCDM = "off" >
    </DAVOS>

    
    <!-- platform: Multicore / Grid / GridLight 
        #RUNDIR - path from where SBFI tool is launched
    -->
    <FaultInjection
        platform = "Multicore"
        initializer_phase = "off"    
        profiler_phase = "off"
        injector_phase = "off"
        reportbuilder_phase = "on"
        report_dir = "#RUNDIR/../../../HTWEB/Test"        
        dbfile = "LEON3_InjectionResult.db"        
        >
          <!-- 
            design_type: RTL / NETLIST
                if RTL: faults are injected into signals and variables
                if Netlist: faults are injected into primitives according to the library_specification
            library_specification: leave it blank if design_type = RTL
        -->
        <Generic
            design_type = "RTL"
            library_specification = "LibSpec_simprim.xml"
            compile_script = "../rtl_compile.do"
            run_script = "../rtl_run.do"		
            std_clk_period = "8.5"
            std_rst_delay = "500"
            std_init_time =  "1940500"
            std_workload_time = "35000"
            finish_flag = ""
        />
        

        <!-- 
            observe_outputs =  no / yes / notrigger
                no: outputs are not included into observation list
                yes: outputs are observed, new sample is appended at any transition of any of output signals
                notrigger: outputs are included into observation list, but sampling is not triggered by their transitions
        -->
        
        <Initializer
                virtual_register_reconstruction = "on"				
                observe_outputs = "notrigger"                
                build_injection_list   = "on"
                build_dump_init_script = "on"		
                match_pattern_file = "#RUNDIR/../../../Projects/Processors/grlib-gpl-1.4.1-b4156/designs/LEON3_ISE_000/code/SimNodes.xml"			
            >
            
                
            <!-- unit path: withing the design scope-->            
            <InjectionScope node_prefix = "r." unit_path = "/testbench/d3/l3/cpu(0)/u0/leon3x0/vhdl/p0/iu/" />                       
            <InjectionScope node_prefix = "" unit_path = "/testbench/d3/l3/cpu(0)/u0/leon3x0/vhdl/p0/mgen/" /> 
            
            <!--InjectionScope node_prefix = "" unit_path = "/testbench/d3/l3/cpu(0)/u0/leon3x0/vhdl/p0/c0mmu/" / --> 

            <ObservationScope node_prefix = "" unit_path = "/testbench/d3/l3/cpu(0)/u0/leon3x0/vhdl/p0/iu" label_prefix = "p0_iu_" sampling_options = "-notrigger"/>
            <ObservationScope node_prefix = "" unit_path = "/testbench/d3/l3/cpu(0)/u0/leon3x0/vhdl/p0/mgen" label_prefix = "p0_mgen_" sampling_options = "-notrigger"/>
            <!--ObservationScope node_prefix = "" unit_path = "/testbench/d3/l3/cpu(0)/u0/leon3x0/vhdl/p0/c0mmu/" label_prefix = "p0_c0mmu_" sampling_options = "-notrigger"/ -->
            
                                   
            <!-- location: INTERNALS / OUTPUTS -->            
            <GenericObservationNodes>
                <signal   		location = "INTERNALS" 	options = "" 			label = "proc_error"  	path= "/testbench/d3/l3/cpu(0)/u0/dbgo.error" comment="IU error flag" />	
                <signal   		location = "INTERNALS" 	options = "" 			label = "enable_trap" 	path= "/testbench/d3/l3/cpu(0)/u0/leon3x0/vhdl/p0/iu/r.w.s.et"  comment="Enable trap code" />				
                <signal 		location = "INTERNALS" 	options = "" 			label = "trap_type" 	path= "/testbench/d3/l3/cpu(0)/u0/leon3x0/vhdl/p0/iu/r.w.s.tt" comment="TT code" />
                <memarray 		location = "INTERNALS" 	options = "-notrigger" 	label = "regfile" 		path= "/testbench/d3/l3/cpu(0)/u0/leon3x0/vhdl/rf0/s0/inf/s0/rhu/memarr" low_address = "0" high_address = "135" comment="Register File"/>
                <memarray 		location = "OUTPUTS" 	options = "" 			label = "SRAM_0" 		path= "sim:/testbench/sbanks(0)/sram0(0)/sr0/MEM_TST" low_address = "0" high_address = "19" comment="RAM_0" />		
                <memarray 		location = "OUTPUTS" 	options = "" 			label = "SRAM_1" 		path= "sim:/testbench/sbanks(0)/sram0(1)/sr0/MEM_TST" low_address = "0" high_address = "19" comment="RAM_1" />		
                <memarray 		location = "OUTPUTS" 	options = "" 			label = "SRAM_2" 		path= "sim:/testbench/sbanks(0)/sram0(2)/sr0/MEM_TST" low_address = "0" high_address = "19" comment="RAM_2" />		
                <memarray 		location = "OUTPUTS" 	options = "" 			label = "SRAM_3" 		path= "sim:/testbench/sbanks(0)/sram0(3)/sr0/MEM_TST" low_address = "0" high_address = "19" comment="RAM_3" />				
            </GenericObservationNodes>
        </Initializer>



        <!-- ColdRestore/WarmRestore - cold checkpoint restore /    -->
        <Injector
                checkpont_mode = "ColdRestore"
                maxproc = "4"
                workload_split_factor = "10"			
                campaign_label = "LEON3_RTL"		
                cleanup_folders="on"
                compile_project = "off"
                create_scripts="on"
                create_checkpoints="off"
                create_precise_checkpoints = "off"
                create_injection_scripts = "on"
                run_faultinjection="on"
                remove_par_lib_after_checkpoint_stored = "on"
                cancel_pending_tasks = "off"
                
                sim_time_checkpoints = "16:00:00"
                sim_time_injections =  "20:00:00"
                work_label = "simpy_"
                wlf_remove_time = "500"	
                runtime_terminate = "off"
                run_cleanup = "on"
                monitoring_mode = "on"
            >	


            

            

    <!-- # for current value, $SCALE to multiply by scaling factor for given configuration -->

            
		<fault_model
			model = "bit_flip"
			target_logic = "SIGNAL"
			faults_per_target = "1"
			time_mode = "ClockCycle"
			injection_time_start = "0.25"            
			injection_time_end = "0.0"
            increment_time_step = "1.0" 
            experiments_per_target = "2"
			rand_seed	= "3"					
		/>	
    
        </Injector>
            

        <Analyzer
            report_dir = "../../../Projects/Processors/grlib-gpl-1.4.1-b4156/designs/"
            unpack_from_dir = ""        
            detect_failures_at_finish_time = "on"
            error_flag_signal = "proc_error"
            error_flag_active_value = "0"
            trap_type_signal = "trap_type"                         
            neg_timegap = "0"
            pos_timegap = "1000"
            check_duration_factor = "0"           
            threads = "4"
            >		    
        
            <join_groups>
            <group label = "SOLUTION[0]">
                <item label = "SRAM_0(0)" />
                <item label = "SRAM_1(0)" />
                <item label = "SRAM_2(0)" />
                <item label = "SRAM_3(0)" />			
            </group>
            <group label = "SOLUTION[1]">
                <item label = "SRAM_0(1)" />
                <item label = "SRAM_1(1)" />
                <item label = "SRAM_2(1)" />
                <item label = "SRAM_3(1)" />			
            </group>
            <group label = "SOLUTION[2]">
                <item label = "SRAM_0(2)" />
                <item label = "SRAM_1(2)" />
                <item label = "SRAM_2(2)" />
                <item label = "SRAM_3(2)" />			
            </group>
            <group label = "SOLUTION[3]">
                <item label = "SRAM_0(3)" />
                <item label = "SRAM_1(3)" />
                <item label = "SRAM_2(3)" />
                <item label = "SRAM_3(3)" />			
            </group>
            <group label = "SOLUTION[4]">
                <item label = "SRAM_0(4)" />
                <item label = "SRAM_1(4)" />
                <item label = "SRAM_2(4)" />
                <item label = "SRAM_3(4)" />			
            </group>
            <group label = "SOLUTION[5]">
                <item label = "SRAM_0(5)" />
                <item label = "SRAM_1(5)" />
                <item label = "SRAM_2(5)" />
                <item label = "SRAM_3(5)" />			
            </group>
            <group label = "SOLUTION[6]">
                <item label = "SRAM_0(6)" />
                <item label = "SRAM_1(6)" />
                <item label = "SRAM_2(6)" />
                <item label = "SRAM_3(6)" />			
            </group>
            <group label = "SOLUTION[7]">
                <item label = "SRAM_0(7)" />
                <item label = "SRAM_1(7)" />
                <item label = "SRAM_2(7)" />
                <item label = "SRAM_3(7)" />			
            </group>
            <group label = "SOLUTION[8]">
                <item label = "SRAM_0(8)" />
                <item label = "SRAM_1(8)" />
                <item label = "SRAM_2(8)" />
                <item label = "SRAM_3(8)" />			
            </group>
            <group label = "SOLUTION[9]">
                <item label = "SRAM_0(9)" />
                <item label = "SRAM_1(9)" />
                <item label = "SRAM_2(9)" />
                <item label = "SRAM_3(9)" />			
            </group>
            <group label = "SOLUTION[10]">
                <item label = "SRAM_0(10)" />
                <item label = "SRAM_1(10)" />
                <item label = "SRAM_2(10)" />
                <item label = "SRAM_3(10)" />			
            </group>
            <group label = "SOLUTION[11]">
                <item label = "SRAM_0(11)" />
                <item label = "SRAM_1(11)" />
                <item label = "SRAM_2(11)" />
                <item label = "SRAM_3(11)" />			
            </group>
        

            
            </join_groups>
            
            <rename_list>
                
            </rename_list>	
            
        </Analyzer>	
            
       <ReportBuilder                    
            write_html_dumps = "off"
            dynamic_linking = "on"
            hierarchical_error_analysis = "off"
            trap_types_description_file = "./testconfigs/sparc_v8_trap_types.xml"
            split_by_time_intervals = "off"
            split_by_activity_duration_interval = ""
            split_by_effective_switches_intervals = ""		
            normalize_by_workload_duration = "off"
            split_by_logic_type = ""	
            split_by_profiled_value = ""	
            memory_saving_mode = "on"
            default_logic_type = "X_FF" 
         />       

        
        
        <config
            work_dir = "../../../Projects/Processors/grlib-gpl-1.4.1-b4156/designs/LEON3_RTL_Mibench"
            label = "LEON3_RTL"
            compile_options = ""
            run_options = ""
            clk_period = "8.5"
            start_from = ""
            stop_at = ""
        />






    </FaultInjection>
    
</data>
