<?xml version="1.0" encoding="UTF-8"?>
<data>

    <DAVOS
        ExperimentalDesignBuilder = "off"
        Implementation = "off"
        FaultInjection = "on"
        RegressionAnalysis = "off"
        OptimizationMCDM = "off" >
    </DAVOS>

    
    
    <FaultInjection
        platform = "GridLight"
        initializer_phase = "off"    
        profiler_phase = "off"
        injector_phase = "off"
        reportbuilder_phase = "on"
        report_dir = "#RUNDIR/../../../HTWEB/EDCC2018/LEON3_NEW"        
        dbfile = "LEON3_InjectionResult.db"
        >
        <!-- 
            design_type: RTL / NETLIST
                if RTL: faults are injected into signals and variables
                if Netlist: faults are injected into primitives according to the library_specification
            library_specification: leave it blank if design_type = RTL
        -->
        <Generic
            design_type = "NETLIST"
            library_specification = "LibSpec_simprim.xml"
            compile_script = "../par_compile.do"
            run_script = "../par_run.do"		
            std_clk_period = "8.5"
            std_rst_delay = "500"
            std_init_time =  "1940500"
            std_workload_time = "35000"
            finish_flag = ""
        />
        

        <!-- 
            observe_outputs =  no / yes / notrigger
                no: outputs are not included into observation list
                yes: outputs are observed, new sample is appended at any transition of any of output signals
                notrigger: outputs are included into observation list, but sampling is not triggered by their transitions
        -->
        
        <Initializer
                virtual_register_reconstruction = "on"				
                observe_outputs = "notrigger"                
                build_injection_list   = "on"
                build_dump_init_script = "on"		
                match_pattern_file = ""			
            >
            
                
            <!-- unit path: withing the design scope-->            
            <InjectionScope node_prefix = "l3_cpu_0_u0_leon3x0_vhdl_p0_iu_" unit_path = "/testbench/d3/" />
            <InjectionScope node_prefix = "l3_cpu_0_u0_leon3x0_vhdl_p0_mgen_" unit_path = "/testbench/d3/" />
            <InjectionScope node_prefix = "l3_cpu_0_u0_leon3x0_vhdl_p0_c0mmu_" unit_path = "/testbench/d3/" />
            

            <ObservationScope node_prefix = "l3_cpu_0_u0_leon3x0_vhdl_p0_iu_" unit_path = "/testbench/d3/" label_prefix = "p0_iu_" sampling_options = "-notrigger"/>
            <ObservationScope node_prefix = "l3_cpu_0_u0_leon3x0_vhdl_p0_mgen_" unit_path = "/testbench/d3/" label_prefix = "p0_mgen_" sampling_options = "-notrigger"/>
            <ObservationScope node_prefix = "l3_cpu_0_u0_leon3x0_vhdl_p0_c0mmu_" unit_path = "/testbench/d3/" label_prefix = "p0_c0mmu_" sampling_options = "-notrigger"/>

            
            <!-- location: INTERNALS / OUTPUTS -->            
            <GenericObservationNodes>
                <signal   		location = "INTERNALS" 	options = "" 			label = "finish_flag" 	path= "/testbench/wl_finished" 	comment="Auxiliary signal to identify first sample after workload finished"/>	
                <signal   		location = "INTERNALS" 	options = "" 			label = "proc_error"  	path= "/testbench/d3/l3_cpu_0_u0_leon3x0_vhdl_p0_iu_dbgo_error1_INV_0/O" comment="Error signalling flag" />	
                <signal   		location = "INTERNALS" 	options = "" 			label = "enable_trap" 	path= "/testbench/d3/l3_cpu_0_u0_leon3x0_vhdl_p0_iu_r_w_s_et/O"  comment="Enable trap code" />				
                <virtual_signal location = "INTERNALS" 	options = "" 			label = "trap_type" 	env = "/testbench/d3/" 			expression = "{ ((concat_range (7 downto 0))(l3_cpu_0_u0_leon3x0_vhdl_p0_iu_r_w_s_tt_7/O & l3_cpu_0_u0_leon3x0_vhdl_p0_iu_r_w_s_tt_6/O & l3_cpu_0_u0_leon3x0_vhdl_p0_iu_r_w_s_tt_5/O & l3_cpu_0_u0_leon3x0_vhdl_p0_iu_r_w_s_tt_4/O & l3_cpu_0_u0_leon3x0_vhdl_p0_iu_r_w_s_tt_3/O & l3_cpu_0_u0_leon3x0_vhdl_p0_iu_r_w_s_tt_2/O & l3_cpu_0_u0_leon3x0_vhdl_p0_iu_r_w_s_tt_1/O & l3_cpu_0_u0_leon3x0_vhdl_p0_iu_r_w_s_tt_0/O ))}" comment="Concatenated trap type signal" />
                <memarray 		location = "INTERNALS" 	options = "-notrigger" 	label = "regfile" 		path= "sim:/testbench/d3/l3_cpu_0_u0_leon3x0_vhdl_rf0_s1_rhu_s1_dp_x0_xc2v_x0_a6_x0_a9_x_0_r0_RAMB16/SDP/WWB36/X_RAMB18E1_SDP_inst/prcs_clk/mem" low_address = "0" high_address = "135" comment="Register File"/>
                <memarray 		location = "INTERNALS" 	options = "-notrigger" 	label = "regfile_d" 	path= "sim:/testbench/d3/l3_cpu_0_u0_leon3x0_vhdl_rf0_s1_rhu_s1_dp_x1_xc2v_x0_a6_x0_a9_x_0_r0_RAMB16/SDP/WWB36/X_RAMB18E1_SDP_inst/prcs_clk/mem" low_address = "0" high_address = "135" comment="Register File"/>
                <memarray 		location = "OUTPUTS" 	options = "" 			label = "SRAM_0" 		path= "sim:/testbench/sbanks(0)/sram0(0)/sr0/MEM_TST" low_address = "0" high_address = "4" comment="RAM_0" />		
                <memarray 		location = "OUTPUTS" 	options = "" 			label = "SRAM_1" 		path= "sim:/testbench/sbanks(0)/sram0(1)/sr0/MEM_TST" low_address = "0" high_address = "4" comment="RAM_1" />		
                <memarray 		location = "OUTPUTS" 	options = "" 			label = "SRAM_2" 		path= "sim:/testbench/sbanks(0)/sram0(2)/sr0/MEM_TST" low_address = "0" high_address = "4" comment="RAM_2" />		
                <memarray 		location = "OUTPUTS" 	options = "" 			label = "SRAM_3" 		path= "sim:/testbench/sbanks(0)/sram0(3)/sr0/MEM_TST" low_address = "0" high_address = "4" comment="RAM_3" />				
            </GenericObservationNodes>
        </Initializer>



        <Injector
                checkpont_mode = "WarmRestore"
                reference_check_pattern = ""
                maxproc = "140"
                workload_split_factor = "30"			
                campaign_label = "LEON3_Virtex6"		
                cleanup_folders="off"
                compile_project = "off"
                create_scripts="on"
                create_checkpoints="off"
                create_precise_checkpoints = "off"
                create_injection_scripts = "off"
                run_faultinjection="on"
                remove_par_lib_after_checkpoint_stored = "on"
                cancel_pending_tasks = "off"
                
                sim_time_checkpoints = "16:00:00"
                sim_time_injections =  "20:00:00"
                work_label = "simpy_"
                wlf_remove_time = "500"	
                runtime_terminate = "off"
                run_cleanup = "on"
                monitoring_mode = "off"
            >	


            

            

    <!-- # for current value, $SCALE to multiply by scaling factor for given configuration -->


		<fault_model
			model = "bit_flip"
			target_logic = "X_FF, X_SFF, X_FDD"
			faults_per_target = "1"
			time_mode = "Relative"
			injection_time_start = "0.0"            
			injection_time_end = "1.0"
            increment_time_step = "0.0" 
            experiments_per_target = "1"
            sample_size = "38500"
			rand_seed	= "2"					
		/>	
            

    
        </Injector>
            

        <Analyzer             
            report_dir = ""        
            detect_failures_at_finish_time = "on"
            error_flag_signal = "proc_error"
            error_flag_active_value = "0"
            trap_type_signal = "trap_type"                         
            neg_timegap = "0"
            pos_timegap = "1000"
            check_duration_factor = "0"       
            threads = "8"            
            >		    
        
            <join_groups>
            <group label = "SOLUTION[0]">
                <item label = "SRAM_0(0)" />
                <item label = "SRAM_1(0)" />
                <item label = "SRAM_2(0)" />
                <item label = "SRAM_3(0)" />			
            </group>
            <group label = "SOLUTION[1]">
                <item label = "SRAM_0(1)" />
                <item label = "SRAM_1(1)" />
                <item label = "SRAM_2(1)" />
                <item label = "SRAM_3(1)" />			
            </group>
            <group label = "SOLUTION[2]">
                <item label = "SRAM_0(2)" />
                <item label = "SRAM_1(2)" />
                <item label = "SRAM_2(2)" />
                <item label = "SRAM_3(2)" />			
            </group>
            <group label = "SOLUTION[3]">
                <item label = "SRAM_0(3)" />
                <item label = "SRAM_1(3)" />
                <item label = "SRAM_2(3)" />
                <item label = "SRAM_3(3)" />			
            </group>
            <group label = "SOLUTION[4]">
                <item label = "SRAM_0(4)" />
                <item label = "SRAM_1(4)" />
                <item label = "SRAM_2(4)" />
                <item label = "SRAM_3(4)" />			
            </group>
            </join_groups>
            
            <rename_list>
                
            </rename_list>	
            
        </Analyzer>	
            
       <!-- Report builder        
            unpack_from_dir = "E:/FACTORIAL_EXPERIMENTS_SIMPY/LEON3/FF/"
            report_dir = "F:/HTWEB/DAVOS_TEST_LEON3/"
            write_html_dumps = "off"
            dynamic_linking = "on"
            hierarchical_error_analysis = "off"
            trap_types_description_file = "./testconfigs/sparc_v8_trap_types.xml"
            split_by_time_intervals = "off"
            split_by_activity_duration_interval = ""
            split_by_effective_switches_intervals = ""		
            normalize_by_workload_duration = "off"
            split_by_logic_type = ""	
            split_by_profiled_value = ""	
            memory_saving_mode = "on"
            default_logic_type = "X_FF"           
-->       

        
        
        <config
            work_dir = "../../Processors/grlib-gpl-1.4.1-b4156/designs/LEON3_ISE_000"
            label = "LEON3_Virtex6"
            compile_options = ""
            run_options = "kh_off"
            clk_period = "8.5"
            start_from = ""
            stop_at = ""
        />







    </FaultInjection>
    
</data>
