<?xml version="1.0" encoding="UTF-8"?>
<data>

    <DAVOS
        ExperimentalDesignBuilder = "off"
        Implementation = "off"
        FaultInjection = "on"
        RegressionAnalysis = "off"
        OptimizationMCDM = "off" >
    </DAVOS>

    
    <!-- platform: Multicore / Grid / GridLight 
        #RUNDIR - path from where SBFI tool is launched
    -->
    <FaultInjection
        platform = "GridLight"
        initializer_phase = "on"    
        profiler_phase = "off"
        injector_phase = "off"
        reportbuilder_phase = "off"
        report_dir = "#RUNDIR/../../../Projects/Controllers/MC8051"        
        dbfile = "MC8051_InjectionResult.db"        
        >
          <!-- 
            design_type: RTL / NETLIST
                if RTL: faults are injected into signals and variables
                if Netlist: faults are injected into primitives according to the library_specification
            library_specification: leave it blank if design_type = RTL
        -->
        <Generic
            std_clk_period = "19.0"
            std_rst_delay = "0"
            std_init_time =  "100"
            std_workload_time = "125000"
            finish_flag = ""
            std_clk_signal = "/testbench/clk"            
        />
        

        <!-- 
            observe_outputs =  no / yes / notrigger
                no: outputs are not included into observation list
                yes: outputs are observed, new sample is appended at any transition of any of output signals
                notrigger: outputs are included into observation list, but sampling is not triggered by their transitions
        -->
        
        <Initializer
                virtual_register_reconstruction = "on"				
                observe_outputs = "notrigger"                
                build_injection_list   = "on"
                build_dump_init_script = "on"		
                match_pattern_file = "#RUNDIR/../../../Projects/Controllers/MC8051/MC8051_IMPL/code/SimNodes.xml"			
            >


            
 		<InjectionScope node_prefix = ""   unit_path = "/tb_mc8051_top/i_mc8051_top/i_mc8051_core/" />

		<ObservationScope node_prefix = "" unit_path = "/tb_mc8051_top/i_mc8051_top/i_mc8051_core/" label_prefix = "core_" sampling_options = "-notrigger"/>
               
            
                                   
            <!-- location: INTERNALS / OUTPUTS -->            
            <GenericObservationNodes>
           	 <memarray 	location = "INTERNALS" 	options = "" 		label = "RAM" 		path= "sim:/i_mc8051_top/i_mc8051_ram/gpram"  low_address = "0" high_address = "127" comment="Onchip Memory" />					
           	 <memarray 	location = "OUTPUTS" 	options = "" 		label = "XRAM" 		path= "sim:/i_mc8051_top/i_mc8051_ramx/gpram" low_address = "0" high_address = "11" comment="External Memory" />		
		 <signal 	location = "OUTPUTS" 	options = "" 		label = "PORT_A" 	path= "sim:/tb_mc8051_top/i_mc8051_top/p1_o"  comment="PORT_A" />			
            </GenericObservationNodes>
        </Initializer>



        <!-- ColdRestore/WarmRestore - cold checkpoint restore /    -->
        <Injector
                checkpont_mode = "WarmRestore"
                maxproc = "140"
                workload_split_factor = "30"			
                campaign_label = "MC8051_RTL"		
                cleanup_folders="on"
                compile_project = "off"
                create_scripts="on"
                create_checkpoints="off"
                create_precise_checkpoints = "off"
                create_injection_scripts = "on"
                run_faultinjection="on"
                remove_par_lib_after_checkpoint_stored = "on"
                cancel_pending_tasks = "off"
                
                sim_time_checkpoints = "16:00:00"
                sim_time_injections =  "20:00:00"
                work_label = "simpy_"
                wlf_remove_time = "500"	
                runtime_terminate = "off"
                run_cleanup = "on"
                monitoring_mode = "on"
            >	


            

            

    <!-- # for current value, $SCALE to multiply by scaling factor for given configuration -->

            
		<fault_model
			model = "bit_flip"
			target_logic = "SIGNAL"
			faults_per_target = "1"
			time_mode = "Relative"
			injection_time_start = "0.0"            
			injection_time_end = "1.0"
            increment_time_step = "0.0" 
            experiments_per_target = "1"
            sample_size = "38500"            
			rand_seed	= "3"					
		/>	
    
        </Injector>
            

        <Analyzer
            report_dir = ""
            unpack_from_dir = ""        
            detect_failures_at_finish_time = "on"
            error_flag_signal = ""
            error_flag_active_value = ""
            trap_type_signal = ""                         
            neg_timegap = "0"
            pos_timegap = "1000"
            check_duration_factor = "0"           
            threads = "4"
            >		    
        
            <join_groups>

            
            </join_groups>
            
            <rename_list>
                
            </rename_list>	
            
        </Analyzer>	
            
       <ReportBuilder                    
            write_html_dumps = "off"
            dynamic_linking = "on"
            hierarchical_error_analysis = "off"
            trap_types_description_file = ""
            split_by_time_intervals = "off"
            split_by_activity_duration_interval = ""
            split_by_effective_switches_intervals = ""		
            normalize_by_workload_duration = "off"
            split_by_logic_type = ""	
            split_by_profiled_value = ""	
            memory_saving_mode = "on"
            default_logic_type = "X_FF" 
         />       

        
        
        <config
            design_type = "RTL"
            library_specification = "LibSpec_simprim.xml"
            compile_script = "../rtl_compile.do"
            run_script = "../rtl_run.do"		        
            work_dir = "../../../Projects/Controllers/MC8051/MC8051_RTL"
            label = "MC8051_RTL"
            clk_period = "19.0"
        />






    </FaultInjection>
    
</data>
